n_estimators,accuracy,precision,recall,f1,size_kb,infer_ms_per_sample,onnx_parity_pct
10,0.9999391776822643,0.9998935150676179,1.0,0.9999467546988978,206.9423828125,0.0002923290975655907,99.17484388938448
25,0.9999391776822643,0.9998935150676179,1.0,0.9999467546988978,541.2900390625,0.0004583578331705795,98.14491930905848
50,0.9999189035763523,0.999858025129552,1.0,0.9999290075252023,1092.0859375,0.0007365579568752938,97.06430946395264
75,0.9998986294704404,0.9998225377107365,1.0,0.9999112609814536,1692.55078125,0.0031738373670793783,96.10939907550076
100,0.9998986294704404,0.9998225377107365,1.0,0.9999112609814536,2270.919921875,0.0031275786329539638,95.31668153434434
150,0.9998986294704404,0.9998225377107365,1.0,0.9999112609814536,3450.9423828125,0.004325051462744073,94.16105749736437
200,0.9998986294704404,0.9998225377107365,1.0,0.9999112609814536,4581.291015625,0.00365613663286471,93.64812261779255
